res1,res2,res3,res4
1.7185360856646321,1.0620745006317729,105.8003834795597,0.030377472000085014
0.7689425428624745,0.6712161739605379,10.245355992232577,0.18038598783534207
0.2467662307032335,1.2784127617731798,6.349804646710107,0.030592140309235443
1.5886150188734014,0.21058514793869054,4.514526587936325,0.0010235817264774491
0.7817372019343177,0.4648338852694706,3.4089558312443167,0.05345628951067399
1.2589637804358618,0.044093742796458855,2.6630250277755163,0.010272068068947785
0.6637301718193374,0.07244064590197294,2.129606374612835,0.013321410447420074
0.6980242964296314,0.01822842878990684,1.7257472077939857,0.18712289626527362
0.023176718959805956,0.46546765130537,1.416667137590777,0.050687869660048165
4.8186854165160134e-05,0.13034113438402203,1.1692045049008246,0.07663745490553889
0.14280746561710134,0.013547224417475516,0.9720920240538324,0.010759514718785314
0.22440895777462022,0.08322937475406504,0.8104311347920293,0.008765912982893323
0.03280237582404386,0.03170110035778535,0.6760081019707418,0.10684388467924955
0.13283158540326664,0.12836579116923502,0.5650679381678184,0.12085551487806932
0.0018377036708613966,6.143773943012547e-05,0.4723404101511663,0.17706386728209134
0.01766275520987547,0.012165539024239867,0.39365819433721333,0.027179462508641353
0.042056688965364485,0.015070644595793723,0.32739672308040957,0.003587090436718006
0.9291302185608232,0.081283592364786,0.27170450144850755,0.18513803643268603
0.009985172358062308,1.079480721385717,0.2242121322234224,0.11720278893995839
0.5584256477245227,0.0327774252143443,0.18389169205816414,0.04451321646653899
1.0267700258774402,0.8865930071678787,0.14973095071394144,0.012174654986074611
0.7373926488353572,0.42695070558962667,0.12093101751548653,0.15116062446107595
0.7502267042818463,0.4722241752198869,0.09662687453015546,0.00023336941409848533
0.33463687286571075,1.6370600457817737,0.07602954377669634,0.1879040949853779
0.6459415507981311,0.28518592047644686,0.058978667240888884,0.00983998243748298
0.84697663404935,1.6041228017062181,0.04483282310154292,0.21776099821690076
0.31747563098335274,1.043075152598624,0.033112176506397854,0.18574974067811764
1.3466430499532358,0.29818072505039156,0.02356467288438637,0.056865764115698464
0.3912187101128327,0.248874998662634,0.01610885483345462,0.05488374937877265
0.6271079415108816,1.2424565304471114,0.01025388982951453,0.02234391656226245
0.6838258876456529,0.612163300167407,0.005902751510270101,0.0011397752362067902
0.9236802268623922,1.1836621061195776,0.0028843232414486816,0.005505629796098084
1.8172493850776383,1.2294870607760766,0.0009892257605302714,0.14156504457243313
0.8691773409731786,1.5940673163369956,0.00011046437536495954,0.17278543869044732
1.1024497976143666,0.10714892132130757,9.480345638146145e-05,0.16443515881776086
0.9426280681819615,0.7580846197653962,0.0008557017974244691,0.017931198895402362
0.15243965517767125,0.023981982330478907,0.0022895729831917634,0.017249355145819403
0.24731015134231474,0.4959462767983208,0.004288730756462745,3.842283135968811e-06
0.4483295171930328,0.25296005432569124,0.006829010961925346,0.00528535570668496
0.3027646579802904,0.5641165476677845,0.009800643624997368,0.26088096497039615
0.04746328020733318,0.012572178574122255,0.01315416282550312,0.16646097736382517
0.1049855156126913,0.3343958898978065,0.016818681476910437,0.0018382082064730633
0.0670321089870082,0.043454245546566954,0.020794808561771214,0.008846915536870429
0.222544281862048,0.07275295163515597,0.02498644663399376,0.11491585897519478
0.0027020603014143827,0.03372590551720981,0.029363799687161293,0.07901170552843086
0.2811846909579946,0.40227346398530756,0.033927243395952225,0.0679107104347154
0.5923115950389293,0.057740781179989535,0.038588823557212534,0.2054142954665568
0.2909687684199602,0.26767851907637324,0.043385466703214436,0.18387551817861794
0.3420102513246214,1.0181196297076625,0.04823831796006716,0.1613321321182619
0.014983471439328034,0.13006053233159534,0.053151714826213274,0.00352970728449188
0.23614444465570328,1.2680694984247916,0.058029356026676804,0.21922431782569257
1.4385168755569484,0.8699842609872945,0.06299142302247474,0.017472766368140914
0.24158459460768927,0.6035589995558664,0.06795710839375221,0.0010801225663865353
0.5495848526525788,1.0840953274710396,0.07291908648797615,0.10879630196807152
1.4291724764070493,0.8421141437308969,0.07786611457590921,0.2159093528563353
0.20942706105748257,0.8773895101569689,0.08272633920060683,0.0013554986075790178
1.743841871621311,1.3111480936326076,0.08752616343601258,0.035215796257259305
0.7748110606515642,0.6037808892444066,0.09224543634575395,0.19708747289991455
0.6385682286365819,0.5094833568936753,0.09695591843364963,0.04326151436727655
0.6902747127995742,0.8852562419256573,0.10160436655509233,0.09783157779364439
0.5838060413000095,2.1467477612033896,0.1060386990192722,0.09036262804677482
2.1544806652588995,2.124252889972645,0.11054937155151591,0.059914872268737436
1.4276771434718358,1.936062370696393,0.11483398476975708,0.0378619522878053
0.7781827299687916,2.02267352400387,0.11901683396899485,0.018391670710779993
1.8419958458542258,0.2271873010688791,0.1232247191085889,0.015852505199024224
1.1683852174863993,0.9406517915710149,0.12719400554943708,0.14587865377722378
1.4256672998914723,0.5126722357154414,0.13116626698847822,0.1407915376293613
0.45535210157315,1.102606107843284,0.13494888803613966,0.16783392465315078
0.47476508102811327,0.6472921983654842,0.13857978522125977,0.16736916191380202
0.009429603988349982,0.014891043547981587,0.14210104019224215,0.09836494546320833
0.1790505990584198,0.13859492411832966,0.14563614926413357,0.00716265821503007
0.06924193615282222,0.2767765180942122,0.14894595838661445,0.17039961684652827
0.38454869162480343,0.015566040592263224,0.15209440239192973,0.08455169492192441
0.0025221898556030482,0.0973250925320816,0.15509860014806276,0.03742198647663297
0.004407425986143701,0.0001091721287180634,0.1581024337766206,0.04526979893800985
0.01620615513412239,0.0002874016539863394,0.16093834391281497,0.2736499518231295
0.1652245566495383,0.13764656209979026,0.16365720612310655,0.012069165526713388
0.22019251306606338,0.46049034259345195,0.1661233429577063,0.03447859529296692
0.7076238416667675,0.2789070045742959,0.1685902075139621,0.0018739806741012823
0.14106288240663611,0.27686319310922447,0.17094673680175496,0.21970488373105446
0.7980524852346863,0.06292557274365547,0.17320215221189897,0.05751782968810518
0.41187621354716963,0.6616662383900924,0.17525793049888744,0.08716584456000538
0.9535132733170104,0.48825120508276326,0.17721998897703273,0.10110491894127688
0.696281880711352,0.7179144017551683,0.1790137396389608,0.01964163827874785
1.2407756854209675,0.25458131530361994,0.18076226084817107,0.007196002572795366
0.5907693956093264,0.5465044284932379,0.182343562966488,0.21380277206570783
1.7450139984488438,0.6312297569836318,0.1838005620470839,0.18915148541416116
0.8021596604287777,0.33287631171784227,0.18518509210047537,0.050702039539915
1.3845222805311104,0.5932043622618988,0.18651497927050992,0.03524301844980726
0.5039695003392014,0.862116936789151,0.18764251702704693,0.004351594133323919
0.4063282967045067,0.5337549320356075,0.18865982885156243,0.024369703797131232
1.8862163024621492,1.5590505224017315,0.1895577266091736,0.02953460897138764
0.4923872207911765,1.258184996723382,0.1904272104460344,0.06701457533126332
1.1938103140532323,0.8419628366067853,0.19111147826948402,0.15682796665553533
0.4227380045070428,1.469640693415133,0.19177932795158303,0.1549378986751647
0.8986298469983731,0.39813524561639224,0.19229670333764495,0.10430565279849836
0.815585606213446,0.818919034167847,0.19265544407726787,8.597566521030329e-07
0.38801762512673316,0.4345407702662403,0.19300221852118424,0.0005572245625226965
0.3639159338571956,0.06809121072901304,0.1932249413118315,0.07226904290303135
0.6772250366149679,0.06437611558879738,0.19329855359531775,0.08443287297760985
0.8399060079549999,0.6701553698614933,0.1932489852607889,0.061960532145137644
0.0725235914620151,0.30814646851200395,0.19327620649722202,0.11027174688906909
0.0009078582156252085,8.843695241604165e-05,0.1930271420837229,0.014746817134243573
0.004596511003875219,0.003153133011666693,0.19277347696705396,0.006000694923499216
0.000201279677702509,0.0015004877224724673,0.19246288289693828,0.06408379784520897
0.12102324435433631,0.15727680223197804,0.1921306246571543,0.06844994547299009
0.19653791281315425,0.25666704938730794,0.19159748175821953,0.11736998488676052
0.3813981999130486,0.08236517230527902,0.19098751280526494,0.030599685239051946
0.5067604552366314,0.019261736968078255,0.19039642884516755,0.1880456298846418
0.2233113281762503,0.0018676305836922461,0.18958821129247533,0.021310186826749875
0.14128553071238567,0.0021098030675480006,0.18886522571253891,0.0221796874941836
0.41506026776723676,0.10147966189700222,0.18796634559214967,0.016923970564751735
0.3120877299692407,1.2167440431699053,0.18699568133687702,0.21356248434988315
0.9670949779294218,0.18508514690764896,0.18599422245735012,0.0247658160368288
0.25105781506976216,0.3088722808200659,0.18486773202329979,0.014223911308871339
0.7055285583161602,1.3682424933233381,0.18378073568583164,0.225478406959592
0.24085645885792786,0.3066111863844629,0.18257039184185705,0.004858467415112773
1.3802363500898602,1.773947375026134,0.1812498749500617,0.0409528402925181
0.22952523611760253,0.6998363920637439,0.17990099116445393,0.12610982735259774
0.26915851049091755,0.48636898471642176,0.17851332567052108,0.149015940565158
0.7970661318165475,0.498479806333744,0.17702356232074168,0.11536062619694695
1.2976134388582923,1.7387497701345047,0.1755762027646985,0.03823644828205218
2.0219426092773616,0.35499968600382403,0.1740563796480347,0.10608110908756023
0.6133511753898218,0.2677097858406231,0.1723828722708343,0.08426229016463405
1.2680251205512263,1.2230410822280788,0.17079246440941254,0.0010649582495746328
0.8038423565064448,1.7395944585410483,0.1691042517827636,0.0009772546166222553
0.8552914521705098,1.1206942065920351,0.167385411224239,0.0944858122536497
1.2405585973842375,0.348045892061548,0.1656073625434135,0.00016942095277110614
0.8845403959816736,0.4758937574130308,0.16372976879229031,0.030074082477324196
0.4225341819321214,0.8966010343605818,0.16185185159536056,0.11445471653648473
0.8024440936186163,0.18679881076637656,0.15995924478142268,0.1686630389839958
0.08193962044189952,0.48687278348285273,0.1580775526489719,0.004511313860694495
0.20845991812587422,0.1535747209966756,0.15613545209966745,3.1171143789255917e-07
0.6472550947743397,0.044418490204324305,0.15414613351000536,0.18544472677428966
0.4477772623456233,0.3522474305994479,0.15205799559082828,0.05025423494900893
0.1477109456997617,0.20417757984907148,0.15007478283873826,0.002308976470520058
0.30307359477348117,0.004868131382353269,0.1479950155164208,0.05303201757278605
0.04034887279843723,0.06748737838124765,0.14579347534795398,0.0022433066213784223
0.25669003338841845,0.08591214786619861,0.1437477884253621,0.19270864830394535
0.08119795586653727,0.15935720085172458,0.14152839423607108,0.07530836403690308
0.4106970978731899,0.1367155607740103,0.13941948429755782,0.14112593572370494
0.1898620262752859,0.7265706132199219,0.13721875191876176,0.1407982633657377
0.9304312506696032,0.07861911654913607,0.1350037612896828,0.053803784087397534
0.004231794916178344,0.8039443489316564,0.1327293804013953,0.020025872837778114
0.8093294083325967,0.4989305333939597,0.13053931885575484,0.1065795103602896
1.1226649699218993,0.42461860813188473,0.12827341094915468,0.26336341298554117
0.3006675332791448,0.6869154770380502,0.12601476870392744,0.0023182373690214804
0.15831293872934027,0.2367565087610584,0.12377323291790963,0.08706996598097724
0.46987426100605284,0.20572976787755756,0.12140753105675282,0.21014676030772506
1.2053565095929042,0.7023689281301236,0.11912248400245078,0.10299732038904644
1.6622382202985617,0.6855894938140136,0.11690735908831208,0.11684871821283169
0.49769416060225585,1.1550684941180607,0.11454407580713438,0.12004720659350582
0.26288005177611584,0.903874109131086,0.11227780280074402,0.11009068622620029
1.5864103571931392,1.814567010927699,0.1099782000546045,0.01218540884074658
0.3751644764074467,0.7724453874170734,0.10766334137006624,0.17518905245229796
0.7432519285033613,0.4495397754491509,0.1053399969769022,0.0007616654458923647
0.7008496308255591,0.26897374289061576,0.10305514507531306,0.1438164085958072
1.6819456374343256,0.2050203934230326,0.1007812121105429,0.05033473287890481
0.3378054160616105,0.7978925406143123,0.0985073307312002,0.1273066620800043
0.6621159362727655,1.6062850667854818,0.09617854532449191,0.09416626179877001
0.4684343247883976,1.3003158617569313,0.09392780089240546,0.1836972366905226
0.47778855255571745,0.202671614685927,0.09165702123117336,0.24184704708277732
0.016409217034858224,0.33360835285239143,0.08941892731238435,0.007904649557804656
0.7270783167223901,0.09864718571794334,0.0871557478214564,0.08889087172285422
0.2895046453116491,0.12126314164183713,0.08493193204169092,0.026275550377187828
0.0004667110304251126,0.061363582328892,0.08267286960423424,0.07132850792005913
0.01353344077326572,0.08443474853036183,0.08052221925012557,0.10177095354391119
0.17901482167669883,0.011295325566831365,0.07834119139058623,0.1636455508773356
0.12985657375966558,0.02734419014095706,0.07610814684071122,0.1652335128945937
0.2339951476827003,0.06157672693957603,0.07395359489247169,0.11568196861894584
0.03742109765638904,0.003104807447232322,0.07181395597926456,0.005009398654057203
0.02986265645986781,0.1233825645099832,0.06974150325339393,0.0015824140620689534
0.011949490174516773,0.3420740074622775,0.06759017822246971,0.12008017009867156
0.003720922166917598,0.23339948574583644,0.06557127996103136,0.10926225536865707
0.1406764529612754,0.06626422213928715,0.06347084097580909,0.12122721630298787
0.25581034674861003,1.1143819285119747,0.06143863975891794,0.16054064494628628
0.10673488874779169,0.20421246834362894,0.05946847534701354,0.05967313974270982
0.4355579519329402,0.9741833617970703,0.05748868105527576,0.0012688920759050836
0.8493869639564144,0.20379375251268272,0.05551755319656447,0.11765731085998964
0.4272999949352919,1.0223012747273428,0.05355306009313578,0.010285152503402473
1.3675854500751894,0.21180237599650506,0.051697100488345124,0.01790716801968374
0.9612276260339812,0.5229882854365451,0.04978000006652025,0.0188041413790051
0.5874911656214379,0.932954635789662,0.047935008446453486,0.05430019361495547
0.47435195868072916,0.46229849139532564,0.04613604921658969,0.0539208086301849
1.459312451373984,0.36927054130776094,0.04433574896716009,0.00048023968793484405
1.345299506862045,0.31837980544826017,0.04258153069192541,0.0282563667849568
0.28176659779939495,0.5642464581696549,0.04084628399400854,0.2647062616598961
0.5359859323469482,0.30592686863649965,0.039169231690424126,0.0921671004852235
0.36429949335122036,0.2717677135318557,0.03750003967502365,0.2555869463584642
0.8261451327710493,1.0644402548935112,0.03588009607315122,0.009123975364904651
1.7590065643171862,1.6472732361939697,0.03426330634711489,0.01782796994594814
0.2155185582795176,0.3086645431600866,0.032682579370617415,0.16340645679913407
1.2603526311426867,0.09550442665199312,0.031185474383696996,0.0023301358804808034
0.021068724285863406,1.1951275491215174,0.029687231182030618,0.10569245009144768
0.22998912166238478,0.14610768680089245,0.02820494427006361,0.010439435004713732
0.17106840646327043,0.7648732459615806,0.026796915730606927,0.001931339645384655
0.0030857938401385,0.2233347952831719,0.025397467102080965,0.07715429203136184
0.0021046619039247066,0.039886483859842246,0.0240286521368125,0.018855093907722265
0.035978778058451254,0.194123078695369,0.02271495140027292,0.01967252031629213
0.33907544336535567,0.011998182457384338,0.02146377914442482,0.00026567812824192054
0.0034642399931569005,0.014322908393697677,0.020206844368919823,0.032862543663009225
0.23290191996654097,0.011419116762776222,0.019014511123416858,0.1748000144553977
0.005183807326190601,1.0420135103921744e-08,0.017816425910925464,0.13377442114921628
0.4429005099017486,0.033659912513764656,0.01668226552781004,0.2121913572740049
0.4896744598924557,0.0502514588169148,0.015591091665699573,0.20076725808946722
0.08015445262564024,0.07105043940991047,0.014556428681144757,0.0678174415711163
0.10283986425562004,0.020281834075914492,0.013517912301229056,0.05742275127821403
0.44533558281438584,0.7296510894880156,0.012552736372718152,7.937515382765056e-05
0.31145296282908724,0.08720683084995827,0.01161397462428212,0.2370948840374723
1.1635616624303724,0.67984549673743,0.010707643828394913,0.0044319475792607655
1.5113243838854096,0.15342156514840782,0.009835470042686612,0.031770869363015576
0.5349139590115785,1.8063053869852501,0.00899745071571077,0.023651603436664743
0.563983287787526,1.556581172227589,0.008223307144505261,0.1284924276056723
1.2964299808448445,0.5018228156942152,0.007455309014006142,0.13163162613148105
0.4596725773734655,0.29206339087104155,0.006740981094932976,0.12757002073912188
1.7857422172052073,1.3792366323832832,0.00607921100259273,0.008820349773606321
1.1785902059495081,0.5194307858712066,0.005424318677014535,0.0002815177621849954
0.6384170907165245,2.068625423795643,0.004828096551888023,0.21047196370332874
0.9935381797785034,1.3503225309204983,0.004260415147983332,0.17915085716146828
0.3269955393199142,0.5386717432568242,0.003729234276518647,0.050066842663046056
0.18509293304628996,1.8653361976298517,0.0032419268725281704,0.002365160284694601
0.7775574250887313,1.1640522363803953,0.002794252667529479,0.061447945058170785
0.21671476481054514,1.502503111130223,0.0023717534661298794,0.1631314408909143
0.21909671011367274,0.7384797029013267,0.001987002157389964,0.0011548244373047424
0.09135248713402473,0.839570539289583,0.0016361925863061586,0.05159829539699031
0.13360133510822977,0.26625617583606087,0.0013182394154348427,0.00725417684727037
0.035634384102062946,0.4404949711642467,0.0010407592178821499,0.15055111644908617
0.8390324455641898,0.0004561736524240525,0.000797502869025294,0.08037043375990491
0.21826331644575814,0.011699283133922895,0.0005875898306088227,0.0004202673390679052
0.12104184917496216,0.00024012660082386664,0.00040988060403747444,0.08880998934246205
0.013956322587238022,0.015541468749366157,0.00026557026059322204,0.0090806939517337
0.024371574729405075,0.0029288281277342182,0.00015089674855535672,0.17139003960206053
0.0845271225771981,5.332305974566091e-05,6.922858823739813e-05,0.02639517761543812
0.11538983365096578,0.018067362289034643,1.914129613601738e-05,0.18550038277649497
0.0008983774984993002,0.00894192215587326,2.222623333897643e-07,0.05715963854990916
0.23481114016626475,0.3134266321757045,1.0854590383004496e-05,0.005614026263621527
0.296172435004273,0.5568930542411915,5.13276053239189e-05,0.07476646286528137
0.02833990901265253,0.3157039012478762,0.00012040810960410448,0.20278084477631783
1.0555074031473475,0.3266894319599869,0.00021683237188247905,0.0033994362382847557
0.18101416527782604,0.42278930004447135,0.0003430715919347382,0.11375421604621058
1.1455370185214224,1.1300076064536306,0.0004950296236895129,0.16731039764090677
1.0206421318700014,0.15370459637473904,0.0006741612961892701,0.002845842338390427
0.7557213692802175,0.2736234999294849,0.0008798237199134871,0.1643133333624489
0.31490972374465986,0.49851391004187756,0.0011035850560963656,0.02923353962724883
0.7865431211327458,1.6131352470092164,0.00135826787153068,0.01070201805186968
0.42148593201669476,1.0515265828157967,0.0016412015293969036,0.005274816554057917
0.48434253961417395,0.709720571705019,0.0019326934109057854,0.08557690535222717
1.9330810207723055,0.40236995565484146,0.002253531555476666,0.12132286551675309
1.3870490270856919,1.4933445337752946,0.002594559486196992,0.047186289565508195
1.3723718843764188,0.4589755688383649,0.002960972899127153,0.12731154044344264
0.4961362338327728,0.23861148463555185,0.003347582975638851,0.11453432238990635
0.6810595192808495,1.591604872052932,0.0037409312723216312,0.008661685262577937
0.4172313636340513,0.764867476989867,0.00416623430357986,0.02120010232908342
0.19470243115334662,1.0218792057711334,0.004609337645804517,0.11843022178674364
0.8545219971350846,1.0880772200343627,0.005050245391803685,0.0699572330706204
0.5633201471577397,0.5169000140161605,0.005528517094064558,0.15847670646761838
0.861050412657029,0.14248752442319765,0.006007709959527994,0.17999566129470634
0.7616815605189066,0.5124756207078737,0.00650845760496119,0.117833207049528
0.5253054143287963,0.3790748587201332,0.007012646359680906,0.07760191781191389
0.08367436069248882,0.3001633810134332,0.0075313098305110375,0.10969796686004409
0.0002952766765741375,0.4692049045212924,0.00806255746467272,0.021948262533991413
0.0016343452832003017,0.00838525715438351,0.00860892785509187,0.09282863110655871
0.022464198695508655,0.07179891263829474,0.00915606212378139,0.014252846884164543
0.017129194629008995,0.010010918477807022,0.009733084597686004,0.14787819382533401
0.010776587417950862,0.28634443930506087,0.010298754225103983,0.015515451496801554
0.039991859553468866,8.783192391078305e-05,0.010887020374968715,0.01295690670998921
0.24807946488567809,0.1818508489679161,0.011459717866074495,0.11033676467224815
0.0898775975705439,0.02713856185542085,0.01205448955934809,0.014507201159221127
0.4115864421315527,0.043172702670444124,0.012647348926775125,0.09414370965010217
0.6885824208970072,0.7494003054477459,0.01324262619776181,0.07750650677615269
1.2856756895248278,0.42231682659521974,0.013824818404941194,0.1184686297070289
1.4021552931109487,0.320930558883521,0.014442411746939558,0.07343322363586662
0.43148766674845307,0.9922857447934081,0.01503743561787971,0.0009821939752267222
0.3570528477005363,0.5629437668201799,0.01564840274995462,0.1674384200201892
1.740832026500441,1.2651010913116916,0.016243687600089894,0.07995108357055182
0.24289463793065436,0.9574400948600432,0.016832282632294873,0.049427581884197276
0.4323002742116286,0.8018979528054365,0.01743490280058192,0.0853034121322017
1.5368925126140374,0.85937342557867,0.01804390670435898,0.1533669254836174
0.546867991633025,0.9033071542387514,0.018634008237564583,0.0067074021487733785
1.294679544041283,0.9996020085072885,0.019211492241094204,0.14656367640971643
1.1612186199708416,1.9230017765191225,0.01981703190931159,0.006992636104983502
1.046316692009787,0.38367365036579626,0.020374997894137697,0.13883792112647272
0.9526927560879376,0.279160399367395,0.02096663305008649,0.046186636607818785
1.1594764803071538,0.5145047718592355,0.02150475950474246,0.12243481198574258
0.5099200728018657,0.22735668424543345,0.022084470491023474,0.019556480834065144
0.37943254896653283,1.0792179505397295,0.02260213478348524,0.07465730281857635
1.1217926834943828,0.9152365536170752,0.02314385548637254,0.043491959502373896
0.1748607407232202,0.07241182055742292,0.02367487344300232,0.010457591607394482
0.6879554815418042,0.09576851615869107,0.02419010750200652,0.0921662764817086
0.22943491881123002,0.20907518312960474,0.024717502602417417,0.006909369764780943
0.02478168183616483,0.2102688082435517,0.02521569779752029,0.1471940402766862
9.81262435272559e-05,0.18151122416373225,0.02567312851423233,0.02487429602146421
0.15976608171979753,0.37175272544678645,0.02615417244884436,0.13425885103383747
0.0701196593936308,0.264987034462896,0.026608035376156598,0.13736891223862077
0.00778208557342629,0.06453106563162334,0.027048756129400074,0.17338583729093368
0.003091211189489247,0.13269707440523068,0.02746685759993642,0.0902271686666808
0.08052739215880746,0.01306187100785413,0.02786709246256099,0.009934307843545561
0.09508399200339646,0.001018370693050488,0.028288576136482915,0.20780253030388224
0.46904910673421973,0.0055504431817326024,0.02866905776338109,0.029130210163379355
0.0354856320497116,0.003401238132656068,0.029011982149270095,0.13262424602625417
0.3344519057843976,0.6511900528026215,0.029385672334182954,0.0784607754956901
0.03574420377457455,0.9484895181152129,0.029709989916217275,6.99041001758204e-05
0.5157236252385504,0.11819739072692464,0.030023364929324257,0.02781831734497296
1.0649740868494617,0.16465452139475256,0.0303145073326571,0.15513327351321238
0.9437126401523012,0.15864882572923528,0.030593441807531808,0.002135642413323699
1.0029362488224733,0.47314970106955745,0.03085477600430517,0.05918046928928631
0.4993577048058801,0.7282151119027536,0.031100059815842847,0.22965443105843641
0.9014556435483343,1.1310011899410906,0.03131428249471663,0.18118397547363804
0.4838573500751915,0.9226186219943906,0.03150739600334933,0.16604197480623822
0.6721227224839937,1.6710941656241447,0.031679510803828324,0.19121367411213291
2.0802997514628525,1.6032443663891434,0.03185511837374519,0.1898721639916071
0.2714339271766989,0.6398658976796114,0.03198323306604402,0.06456203583331042
1.2063715316057202,1.800639358762131,0.03212062920112316,0.20151298710546028
0.3082554496991761,0.33269919623773997,0.03222758955697756,0.10764806581428005
1.7296247546396204,0.5033706928849154,0.03233324368504605,0.12464552198675574
0.5161512988497092,1.4912354241572894,0.03238222980900112,0.10693691413918122
0.351836318634676,1.0041061961813136,0.032445917314124155,0.013825403202785106
0.9926956595629429,0.63986182094594,0.032472072151981606,0.07168746610889293
1.181721297504575,1.1495816864914297,0.032477821304100096,0.009502588723892293
0.043331383874918875,0.45855387374503054,0.032443957900032225,0.11277077142887681
0.03639748271874223,0.1773312312037237,0.03240744270217442,0.005689529528928414
0.31793870716338546,0.004522745145154594,0.03237869720627146,0.05981040362094741
0.18487595037217974,0.6113406919363938,0.03231138965746174,0.03218102961999303
0.30540475802507433,0.0002918231559608317,0.03222367933211047,0.14852615227648844
0.005387463741570599,0.27102384338599655,0.032105789366385744,0.039600814755889335
0.049261162678865995,0.14833968098199987,0.031955669961938264,0.09523529360422317
0.009127526254587138,0.0013140205674336961,0.031833154289414786,0.002593333919617555
0.32957893464741733,0.21697229533526882,0.03166646055954771,0.09331594517373981
0.1552892825683193,0.2991488239001604,0.031482854470680506,0.09090830374717997
0.07595833431407056,0.006151599491628597,0.031280264160258905,0.22660709850663244
0.30595087241340935,0.5778224192982654,0.03105378739801714,0.15109180367188618
0.5311149606095882,0.0024739738681609003,0.03082103842316613,0.01441630486178274
0.32168320306990633,0.7811860269931334,0.030557085358932288,0.1970884559128906
0.13916294014850547,0.09521550569838852,0.03030644199774534,0.15464464227250999
0.1730258394419686,0.48248931734687117,0.03000818704310444,0.019458632895615217
0.9238752241485765,0.7442936686004725,0.029718234601499367,0.15409909642876746
0.7941602041448904,0.8281784486465152,0.029408783626875497,0.0007745618602946917
1.140617914093184,1.9511540068657316,0.029073742442231588,0.16674100460040786
1.7128080702665278,0.4017723072862155,0.02873011081069091,0.09372739440853928
0.2752377695581203,0.3976310314033121,0.028341456658161606,0.08684451061611557
0.4785211115010141,1.1453457585512983,0.02798070070131168,0.008153809499482603
0.4694659977356949,1.1043069276811075,0.02757757981298939,0.09348256066434467
0.6556158268414707,1.8072454671611162,0.0271993354273532,0.000158679508771251
1.0492290181020156,0.9746367998529774,0.026773380097294967,0.05382426370923825
1.409508047388996,0.382812611450623,0.026358574546363298,6.154311772961949e-05
1.1260881901763389,1.6574580709855917,0.025900295758435304,0.0019259209614632877
1.132030692422874,0.4393296582250745,0.025459172078056085,0.22770331949127787
0.4867810957895039,0.3330335118081048,0.02499408788367557,0.005607622994068177
0.14833239486735725,1.0990737212264503,0.024526367682157827,0.06781261941162814
0.3696119119769588,0.9743164248089965,0.024047759901071865,0.2560847692265382
0.6064136804740059,0.7015004247320331,0.023573943218053776,0.00885684546304553
0.031504883846469336,0.30853737045059393,0.023055524345300178,3.2153900760253064e-05
0.7363391384854722,0.04508660007320433,0.02257469807633732,0.05864240173126437
0.19289976740766857,3.332319004012845e-06,0.02204148860462111,0.04869008831866939
0.01704902507094045,0.08583221035044218,0.02153367235223819,0.010437548169999363
0.03658390266992698,0.08520175036181067,0.021008028041413215,0.15155920397723366
0.21341215402226582,0.010363125997161552,0.02047049334263767,0.015977862959435672
0.029505337494241377,0.006831301435803731,0.01994086495715428,0.13390051864234584
0.0941000275671512,0.29445840531602546,0.01940898427830489,0.005006436426711943
0.14673014749534194,0.07654475293430359,0.018876261874828708,0.17836562722569257
0.34360776527164844,0.2577512627675388,0.018319286892386925,0.09446889317797881
0.03841751505476951,0.18916224608238288,0.017766368084660433,0.017583211532019045
0.5476671060714405,2.474924900683071e-05,0.017235481794307693,0.0353216959055274
0.3466431138786494,0.18288014367734284,0.016678451978130254,0.14541405984676156
0.5868777572027428,0.37810853899224867,0.01612838883340784,0.06338582615997107
0.2612927114570008,0.029872036637186607,0.015577134147732756,0.006063613437911103
1.112699246517661,1.0694613128183525,0.015016913541222181,0.00017716053454089502
0.2848063573427606,0.1025369064331822,0.014472335227854249,0.15317246539685744
1.5593541711760397,0.2463141500481981,0.013925640609002752,0.20259728884899908
0.20895451645958638,1.1825846764137415,0.013389475583570839,0.04763337324645937
0.9872041291414101,0.8643126759080197,0.012837441859799016,0.00030911483633232244
0.4281376479803913,0.6856945745231502,0.012302470529227241,0.11021468044570885
0.5135859283558125,1.1844943122471983,0.01176556800425416,0.14663660292100447
0.39556478489866753,1.677734855846645,0.011234168409268101,0.04590725480135392
0.7231826914633112,0.31842098672419467,0.010723948918513257,0.005772632584295503
0.8230522000953839,0.6426423278903038,0.010206782966981852,0.1417134965804726
0.23921740110212375,0.8656195464521469,0.009685981166566587,0.11093568821376491
0.6876989750116551,1.1139286877475483,0.009183380658749067,0.15961725220690884
0.6459656632031083,0.5908200857428879,0.008696208606668063,0.08593653986463846
1.4682137557272008,0.7052321924396207,0.008207910960335017,0.0015004797462847316
1.1260385209412753,0.4396837157900499,0.007726805489181317,0.1694684018055534
0.22545249205763165,0.31143476472226445,0.007252921171823249,0.09254541194906722
0.09102260255443431,0.24380865911569838,0.006802222698402493,0.12674159070317215
0.27983081078755095,0.04477448082090065,0.006349665369466337,0.0778518692081716
0.0005182803323957384,0.05415369348658259,0.005912287366072993,0.11395154993985342
0.38110377465714795,0.3238706102383535,0.005488689505629662,0.019653160541602595
0.04372316286216808,0.0353629458736203,0.005073913875118194,0.07373595022901654
0.35874872344988445,0.060654721357721285,0.004676246643464719,0.08123696065927545
0.0992750802642665,0.05536278457646882,0.0042912715417664045,0.11260211825128823
0.03700858955329491,0.11516579647239229,0.003913522073527297,0.11405801678174884
0.008947886946487694,0.0874649847736101,0.0035533911742219155,0.0893837417577584
0.09104758611824416,0.3428416312569801,0.0032068206369993513,0.08441146509976105
0.35024060278308355,0.0026766414721615672,0.0028781615797547327,0.1434804350471356
0.4123311606017394,0.0429469962820142,0.002564491082692328,0.04107077573701269
0.07136900951356989,0.07029925257484651,0.0022654075902719174,0.17547584102271316
1.0375923941747365,1.0043351753905152,0.001984479504487744,0.15763757905899312
0.2545444234154275,1.0147497612669585,0.0017229541332595714,0.005086345317460266
0.9173640049661687,1.196868002555324,0.001474870445710139,0.1633394498010096
1.53573286904547,1.0318700326315835,0.0012448834762557577,0.1800049231286286
0.7409936499629428,0.3011634605286406,0.0010313203021378168,0.036544631946430706
